nombre,load1 warn,load1 crit,load5 warn,load5 crit,load15 warn,load15 crit
host1,2.379237714,2.714383323,0.368137086,1.833292711,0.468954923,1.441638902
host2,1.704855019,0.35808875,2.740332147,1.703642905,0.67072799,1.499896414
host3,2.32494854,0.315692979,2.331933532,2.611306528,2.958209181,0.603513267
